[{"img":"https://lh3.googleusercontent.com/proxy/zuNEF3bgDhQmo2Rkgzqi-M_Xnbv7mOxXF7cNLBTaU6LN6vR_zVssJxDrZeOkIR4p5e4ev4EeFn3IdB1_qWp7dB7dFMDIGWM-6xF6kP64U0VPHOVsS2adlhGT","username":"beiyu","phone":"17600332742"},{"img":"https://lh3.googleusercontent.com/proxy/zuNEF3bgDhQmo2Rkgzqi-M_Xnbv7mOxXF7cNLBTaU6LN6vR_zVssJxDrZeOkIR4p5e4ev4EeFn3IdB1_qWp7dB7dFMDIGWM-6xF6kP64U0VPHOVsS2adlhGT","username":"xiaodi","phone":"17600332742"},{"img":"https://encrypted-tbn0.gstatic.com/images?q=tbn%3AANd9GcRw6Wo0rY6KLkysG2jV3xSwN7midDtn3JDnb09kdhGwwvfR0xEl","username":"阿兴","phone":"19000291012"}]